{"stats":{"minecraft:broken":{"minecraft:stone_pickaxe":6,"minecraft:iron_sword":1,"minecraft:iron_axe":1,"minecraft:iron_pickaxe":5,"minecraft:iron_helmet":1},"minecraft:mined":{"minecraft:large_amethyst_bud":1,"minecraft:white_bed":12,"minecraft:brewing_stand":1,"minecraft:obsidian":21,"cataclysm:sandstone_ignite_trap":26,"minecraft:granite":63,"minecraft:red_sand":330,"minecraft:acacia_log":10,"minecraft:grass_block":29,"minecraft:cracked_polished_blackstone_bricks":7,"minecraft:soul_soil":41,"minecraft:composter":11,"minecraft:hopper":3,"minecraft:oxeye_daisy":1,"minecraft:nether_wart":14,"minecraft:spawner":1,"minecraft:sandstone_stairs":5,"minecraft:polished_blackstone_bricks":16,"cataclysm:sandstone_poison_dart_trap":4,"minecraft:magma_block":11,"minecraft:iron_ore":93,"minecraft:fire":18,"minecraft:cobbled_deepslate":6,"minecraft:pumpkin":1,"minecraft:deepslate_lapis_ore":19,"minecraft:azure_bluet":2,"minecraft:enchanting_table":2,"minecraft:pointed_dripstone":4,"minecraft:iron_bars":2,"morevillagers:blueprint_table":1,"minecraft:smooth_sandstone_stairs":2,"minecraft:tripwire":1,"minecraft:deepslate_redstone_ore":51,"minecraft:brown_mushroom":4,"minecraft:blackstone":66,"minecraft:smoker":2,"minecraft:amethyst_cluster":3,"minecraft:orange_terracotta":1159,"minecraft:torch":11,"minecraft:light_gray_terracotta":3,"minecraft:blast_furnace":2,"minecraft:chest":59,"minecraft:calcite":25,"minecraft:dead_bush":117,"minecraft:nether_brick_slab":19,"minecraft:mushroom_stem":6,"easy_villagers:farmer":9,"minecraft:nether_quartz_ore":24,"minecraft:cobblestone":18,"minecraft:grindstone":1,"minecraft:oak_planks":4,"minecraft:sugar_cane":571,"minecraft:iron_door":9,"minecraft:wall_torch":1,"minecraft:amethyst_block":25,"minecraft:white_terracotta":13,"minecraft:wheat":17,"minecraft:grass":33,"minecraft:oak_log":448,"minecraft:beetroots":2,"minecraft:sand":69,"minecraft:dirt":20,"minecraft:sandstone_wall":1,"minecraft:ancient_debris":2,"minecraft:smooth_basalt":14,"minecraft:stonecutter":1,"minecraft:netherrack":3797,"minecraft:deepslate":323,"minecraft:oak_leaves":70,"minecraft:nether_gold_ore":11,"minecraft:tuff":15,"minecraft:deepslate_diamond_ore":17,"prettypipes:pipe":30,"minecraft:glow_lichen":1,"minecraft:nether_bricks":110,"minecraft:dark_oak_fence":6,"morevillagers:gardening_table":1,"minecraft:brown_mushroom_block":45,"minecraft:red_mushroom":1,"minecraft:sandstone":121,"morevillagers:woodworking_table":1,"minecraft:redstone_ore":6,"easy_villagers:iron_farm":2,"minecraft:furnace":4,"minecraft:carrots":6,"minecraft:chiseled_sandstone":4,"minecraft:andesite":53,"morevillagers:hunting_post":2,"minecraft:bookshelf":34,"minecraft:potatoes":2,"minecraft:deepslate_iron_ore":12,"minecraft:vine":1,"easy_villagers:trader":3,"minecraft:lantern":6,"minecraft:stone":1127,"minecraft:smithing_table":4,"minecraft:soul_sand":58,"minecraft:glass_pane":1,"minecraft:infested_stone_bricks":2,"minecraft:dandelion":1,"travelersbackpack:standard":2,"minecraft:crafting_table":1,"minecraft:cornflower":1,"morevillagers:oceanography_table":1,"minecraft:lectern":4,"minecraft:copper_ore":37,"minecraft:lapis_ore":9,"minecraft:deepslate_gold_ore":95,"minecraft:lily_pad":1,"minecraft:diorite":22,"minecraft:red_terracotta":53,"minecraft:coarse_dirt":8,"minecraft:ice":1,"cataclysm:sandstone_falling_trap":1,"minecraft:coal_ore":148,"minecraft:sunflower":5,"minecraft:gravel":9,"minecraft:dripstone_block":12,"minecraft:cobweb":14,"minecraft:brown_terracotta":1290,"minecraft:cracked_stone_bricks":2,"minecraft:terracotta":4407,"minecraft:stone_bricks":21,"minecraft:mossy_stone_bricks":7,"minecraft:gold_ore":40},"minecraft:killed_by":{"majruszsdifficulty:cerberus":1,"cataclysm:ignis":4},"minecraft:crafted":{"minecraft:brick":744,"minecraft:black_dye":1,"minecraft:grindstone":1,"minecraft:smooth_stone":3,"minecraft:oak_planks":536,"minecraft:leather_horse_armor":2,"minecraft:blaze_powder":2,"minecraft:loom":1,"minecraft:stone":64,"easy_villagers:incubator":2,"minecraft:diamond_shovel":8,"minecraft:nether_brick":200,"minecraft:bookshelf":45,"prettypipes:high_extraction_module":1,"minecraft:cooked_mutton":25,"minecraft:suspicious_stew":6,"minecraft:iron_bars":176,"minecraft:warped_planks":24,"prettypipes:blank_module":4,"minecraft:green_dye":2,"minecraft:cake":7,"minecraft:quartz_block":64,"minecraft:glass":364,"minecraft:hopper":65,"minecraft:repeater":30,"minecraft:diamond_helmet":1,"minecraft:diamond_leggings":6,"minecraft:iron_boots":1,"minecraft:comparator":8,"minecraft:chest":434,"corail_recycler:diamond_disk":4,"corail_recycler:recycler":1,"easy_villagers:trader":1,"minecraft:name_tag":27,"minecraft:ghast_tear":10,"minecraft:golden_boots":10,"minecraft:glass_bottle":36,"minecraft:item_frame":91,"minecraft:oak_slab":6,"minecraft:emerald":2672,"morevillagers:decayed_workbench":1,"minecraft:cauldron":1,"minecraft:cooked_porkchop":60,"minecraft:crimson_stem":42,"minecraft:crafting_table":3,"minecraft:spruce_planks":24,"minecraft:iron_helmet":1,"travelersbackpack:standard":2,"minecraft:chainmail_chestplate":8,"minecraft:golden_pickaxe":8,"prettypipes:medium_extraction_module":1,"minecraft:copper_ingot":124,"minecraft:purple_banner":7,"prettypipes:low_extraction_module":4,"minecraft:brewing_stand":1,"minecraft:birch_planks":3072,"corail_recycler:diamond_shard":18,"minecraft:painting":2,"minecraft:blaze_rod":7,"minecraft:dispenser":12,"minecraft:apple":84,"minecraft:lectern":1,"minecraft:string":30,"minecraft:iron_chestplate":1,"minecraft:book":19,"minecraft:paper":57,"minecraft:diamond_pickaxe":2,"minecraft:stick":508,"minecraft:stone_slab":30,"minecraft:iron_ingot":141,"minecraft:compass":34,"minecraft:iron_pickaxe":7,"minecraft:stone_sword":2,"minecraft:gold_ingot":276,"minecraft:shears":1,"minecraft:sandstone_stairs":28,"minecraft:golden_carrot":60,"minecraft:oak_door":3,"minecraft:prismarine":128,"minecraft:spruce_log":6,"minecraft:nether_brick_slab":162,"minecraft:redstone":172,"minecraft:rabbit_stew":10,"minecraft:stone_shovel":8,"minecraft:leather_leggings":10,"minecraft:leather_boots":12,"minecraft:iron_nugget":9,"minecraft:nether_quartz_ore":74,"minecraft:furnace":3,"minecraft:birch_log":768,"minecraft:blast_furnace":1,"minecraft:piston":20,"corail_recycler:steel_disk":2,"minecraft:gray_dye":2,"minecraft:cherry_sapling":4,"easy_villagers:iron_farm":4,"minecraft:bone_meal":27,"travelersbackpack:villager":23,"minecraft:oak_trapdoor":16,"minecraft:glass_pane":320,"minecraft:lantern":204,"travelersbackpack:white_sleeping_bag":1,"minecraft:leather":240,"minecraft:iron_axe":14,"minecraft:slime_ball":20,"minecraft:jungle_log":12,"minecraft:ender_pearl":32,"minecraft:stone_pickaxe":6,"minecraft:diamond_boots":1,"minecraft:filled_map":2,"minecraft:warped_stem":6,"prettypipes:pipe":248,"toolleveling:tool_leveling_table":1,"minecraft:magma_cream":8,"minecraft:cooked_beef":76,"minecraft:sugar":13,"minecraft:crimson_planks":168,"minecraft:light_gray_terracotta":7,"easy_villagers:farmer":15,"minecraft:diamond_sword":2,"minecraft:amethyst_shard":36,"minecraft:enchanting_table":1,"minecraft:calcite":160,"travelersbackpack:backpack_tank":2,"minecraft:iron_sword":2,"minecraft:bucket":15,"minecraft:stone_axe":2,"minecraft:glowstone":27,"minecraft:white_stained_glass":24,"minecraft:enchanted_book":66,"minecraft:air":0,"minecraft:jungle_planks":48,"minecraft:light_blue_carpet":48,"minecraft:oak_boat":1,"minecraft:oak_log":12,"minecraft:golden_apple":42,"minecraft:white_dye":6,"minecraft:fermented_spider_eye":17,"minecraft:chainmail_boots":12,"easy_villagers:breeder":2,"minecraft:iron_shovel":8,"minecraft:iron_leggings":1,"minecraft:white_bed":9,"minecraft:acacia_planks":40,"minecraft:torch":240,"easy_villagers:converter":2,"minecraft:lapis_lazuli":12,"minecraft:diamond_chestplate":1},"minecraft:custom":{"minecraft:interact_with_crafting_table":94,"goblintraders:trade_with_goblin":106,"minecraft:leave_game":14,"minecraft:time_since_death":34436,"minecraft:damage_resisted":16,"minecraft:sprint_one_cm":1648376,"minecraft:drop":199,"minecraft:talked_to_villager":277,"minecraft:play_time":954045,"minecraft:deaths":6,"minecraft:jump":9707,"minecraft:interact_with_brewingstand":42,"minecraft:walk_on_water_one_cm":73797,"minecraft:enchant_item":5,"minecraft:interact_with_furnace":77,"minecraft:traded_with_villager":4138,"minecraft:interact_with_loom":1,"minecraft:sleep_in_bed":50,"minecraft:waystone_activated":8,"minecraft:damage_dealt":88132,"minecraft:crouch_one_cm":68120,"tombstone:undead_killed":144,"minecraft:interact_with_smithing_table":2,"minecraft:mob_kills":308,"minecraft:inspect_hopper":3,"minecraft:climb_one_cm":2888,"minecraft:walk_one_cm":3757228,"minecraft:damage_dealt_absorbed":37,"minecraft:sneak_time":25442,"minecraft:walk_under_water_one_cm":79281,"minecraft:boat_one_cm":67230,"minecraft:total_world_time":954045,"tombstone:raider_killed":1,"minecraft:interact_with_grindstone":5,"minecraft:interact_with_stonecutter":1,"minecraft:time_since_rest":34404,"minecraft:damage_taken":10972,"minecraft:damage_absorbed":984,"tombstone:cast_on_ally":0,"minecraft:swim_one_cm":192403,"minecraft:fly_one_cm":2021619,"minecraft:open_chest":1096,"minecraft:fall_one_cm":180845},"minecraft:used":{"tombstone:scroll_of_unstable_intangibility":1,"easy_villagers:breeder":2,"minecraft:poppy":5,"minecraft:chest":350,"minecraft:iron_sword":596,"minecraft:stone":1,"minecraft:nether_wart":22,"minecraft:rotten_flesh":8,"prettypipes:wrench":28,"minecraft:soul_sand":23,"minecraft:nether_bricks":21,"minecraft:tuff":2,"easy_villagers:converter":2,"minecraft:obsidian":10,"minecraft:milk_bucket":21,"minecraft:lava_bucket":1,"minecraft:lantern":41,"easy_villagers:iron_farm":6,"minecraft:item_frame":39,"minecraft:oak_sapling":20,"minecraft:furnace":6,"minecraft:beetroot_seeds":1,"minecraft:wither_skeleton_skull":1,"minecraft:stone_pickaxe":1026,"minecraft:oak_planks":57,"minecraft:sandstone":3,"minecraft:composter":12,"minecraft:sugar_cane":66,"minecraft:golden_apple":22,"minecraft:loom":1,"minecraft:sand":61,"minecraft:blast_furnace":3,"majruszsdifficulty:tattered_helmet":1,"waystones:waystone":8,"morevillagers:mining_bench":1,"easy_villagers:villager":65,"minecraft:bread":1,"minecraft:lectern":5,"minecraft:iron_door":1,"minecraft:gravel":3,"minecraft:diamond_sword":423,"minecraft:grindstone":2,"minecraft:smithing_table":4,"minecraft:oak_boat":4,"minecraft:bone_meal":1,"minecraft:stone_sword":33,"minecraft:oak_trapdoor":7,"minecraft:flint_and_steel":1,"minecraft:enchanting_table":2,"minecraft:netherrack":283,"minecraft:oak_door":3,"minecraft:torch":377,"minecraft:brewing_stand":2,"minecraft:dirt":6,"minecraft:hopper":3,"minecraft:nether_brick_slab":161,"cataclysm:sandstone_falling_trap":1,"minecraft:granite":2,"minecraft:brown_terracotta":8,"minecraft:bookshelf":43,"minecraft:iron_axe":596,"travelersbackpack:squid":3,"easy_villagers:trader":4,"minecraft:smooth_basalt":14,"minecraft:soul_soil":5,"tombstone:gift":3,"easy_villagers:incubator":2,"minecraft:cooked_beef":94,"minecraft:cobbled_deepslate":26,"minecraft:orange_terracotta":27,"minecraft:calcite":6,"minecraft:cooked_mutton":18,"minecraft:water_bucket":79,"minecraft:amethyst_block":1,"minecraft:sandstone_stairs":21,"travelersbackpack:villager":3,"minecraft:glass_bottle":30,"easy_villagers:farmer":24,"minecraft:brown_mushroom":3,"minecraft:cauldron":1,"minecraft:stonecutter":2,"minecraft:terracotta":424,"minecraft:crafting_table":4,"morevillagers:hunting_post":2,"corail_recycler:recycler":1,"prettypipes:pipe":278,"minecraft:white_bed":11,"toolleveling:tool_leveling_table":1,"minecraft:smoker":2,"minecraft:ender_eye":20,"minecraft:diamond_pickaxe":10999,"majruszsdifficulty:undead_army_treasure_bag":1,"minecraft:diamond_shovel":432,"minecraft:iron_pickaxe":1538,"minecraft:stone_axe":218,"minecraft:cobblestone":279,"minecraft:potion":9,"travelersbackpack:standard":3,"minecraft:bucket":111,"minecraft:glass_pane":1},"minecraft:killed":{"minecraft:zombified_piglin":1,"minecraft:spider":5,"minecraft:skeleton":41,"majruszsdifficulty:creeperling":1,"minecraft:silverfish":6,"cataclysm:kobolediator":2,"minecraft:piglin_brute":6,"cataclysm:wadjet":1,"minecraft:piglin":6,"majruszsdifficulty:tank":2,"minecraft:creeper":6,"minecraft:sheep":22,"minecraft:pillager":1,"cataclysm:deepling_brute":1,"minecraft:donkey":3,"minecraft:zombie":39,"minecraft:stray":9,"mutantmonsters:mutant_creeper":1,"cataclysm:ignited_revenant":3,"minecraft:blaze":8,"minecraft:cow":55,"bloodandmadness:church_doctor":1,"minecraft:slime":18,"minecraft:horse":5,"minecraft:drowned":1,"majruszsdifficulty:cerberus":1,"cataclysm:koboleton":17,"minecraft:husk":8,"minecraft:bat":2,"majruszsdifficulty:cursed_armor":2,"minecraft:squid":1,"mutantmonsters:creeper_minion":5,"alexsmobs:elephant":1,"minecraft:wither_skeleton":19},"minecraft:picked_up":{"minecraft:chainmail_boots":12,"minecraft:suspicious_stew":6,"tombstone:tablet_of_home":1,"minecraft:smithing_table":2,"minecraft:diamond_sword":3,"minecraft:potion":1,"minecraft:enchanted_book":45,"minecraft:brewing_stand":1,"minecraft:golden_sword":5,"minecraft:amethyst_block":25,"minecraft:string":20,"minecraft:soul_soil":39,"minecraft:raw_copper":168,"minecraft:activator_rail":3,"majruszsaccessories:discount_voucher":48,"minecraft:diamond_leggings":5,"minecraft:red_sand":329,"minecraft:gold_nugget":144,"minecraft:cobbled_deepslate":208,"minecraft:calcite":25,"cataclysm:khopesh":3,"minecraft:furnace":4,"minecraft:tipped_arrow":3,"minecraft:stick":309,"minecraft:composter":5,"minecraft:brown_terracotta":44,"minecraft:torch":81,"minecraft:acacia_log":10,"cataclysm:kobolediator_skull":2,"minecraft:sandstone_wall":1,"easy_villagers:iron_farm":2,"cataclysm:burning_ashes":4,"minecraft:pointed_dripstone":4,"tombstone:grave_dust":21,"minecraft:diorite":22,"morevillagers:hunting_post":1,"minecraft:golden_chestplate":1,"majruszsaccessories:dream_catcher":2,"minecraft:stone_sword":2,"minecraft:cactus":2,"minecraft:rotten_flesh":57,"majruszsaccessories:secret_ingredient":1,"tombstone:scroll_of_aquatic_life":1,"minecraft:white_terracotta":13,"minecraft:blaze_rod":9,"minecraft:obsidian":22,"minecraft:iron_bars":2,"minecraft:cobblestone":823,"minecraft:enchanting_table":2,"minecraft:leather_chestplate":1,"minecraft:cooked_beef":23,"minecraft:iron_door":9,"minecraft:andesite":42,"minecraft:smoker":2,"minecraft:potato":12,"minecraft:flint":2,"minecraft:tuff":15,"minecraft:smooth_sandstone_stairs":2,"minecraft:wither_skeleton_skull":1,"alexsmobs:mosquito_larva":3,"minecraft:lapis_lazuli":306,"minecraft:dirt":49,"minecraft:name_tag":1,"cataclysm:koboleton_bone":86,"minecraft:leather_boots":13,"minecraft:glass":1,"minecraft:bone":111,"morevillagers:oceanography_table":1,"majruszsaccessories:miner_guide":1,"minecraft:bow":2,"minecraft:wheat_seeds":20,"minecraft:raw_gold":167,"easy_villagers:trader":2,"majruszsaccessories:onyx":1,"minecraft:mossy_stone_bricks":1,"minecraft:oak_planks":4,"travelersbackpack:squid":1,"minecraft:sand":73,"prettypipes:pipe":27,"minecraft:ink_sac":1,"minecraft:chiseled_sandstone":4,"minecraft:red_terracotta":53,"minecraft:bundle":1,"minecraft:light_gray_terracotta":3,"minecraft:diamond":49,"waystones:waystone":1,"cataclysm:sandstone_falling_trap":1,"minecraft:granite":18,"alexsmobs:tarantula_hawk_wing_fragment":3,"minecraft:bone_meal":5,"cataclysm:ancient_metal_nugget":31,"minecraft:emerald":52,"minecraft:golden_horse_armor":5,"minecraft:bread":5,"cataclysm:sandstone_ignite_trap":26,"minecraft:oak_sapling":223,"minecraft:netherrack":1238,"morevillagers:blueprint_table":1,"minecraft:dark_oak_fence":6,"travelersbackpack:villager":21,"prettypipes:low_high_priority_module":1,"majruszsdifficulty:tattered_boots":1,"minecraft:coarse_dirt":8,"minecraft:crafting_table":1,"minecraft:azure_bluet":2,"minecraft:nether_wart":39,"minecraft:rabbit_stew":10,"minecraft:chest_minecart":3,"minecraft:golden_pickaxe":8,"minecraft:leather_leggings":9,"minecraft:brown_mushroom":21,"minecraft:wooden_pickaxe":1,"minecraft:pink_wool":1,"morevillagers:woodworking_table":1,"minecraft:diamond_horse_armor":1,"minecraft:cornflower":1,"minecraft:iron_axe":10,"minecraft:flint_and_steel":1,"minecraft:netherite_scrap":1,"minecraft:item_frame":4,"minecraft:iron_shovel":8,"bloodandmadness:blood_vial":1,"morevillagers:gardening_table":1,"tombstone:scroll_of_unstable_intangibility":1,"improvableskills:scroll_normal":3,"minecraft:beef":108,"minecraft:oak_boat":4,"minecraft:poppy":1,"minecraft:light_gray_wool":1,"minecraft:lectern":2,"minecraft:sugar_cane":861,"minecraft:chest":21,"minecraft:raw_iron":120,"minecraft:sandstone":121,"minecraft:cake":6,"minecraft:carrot":10,"minecraft:redstone":324,"mutantmonsters:creeper_shard":1,"minecraft:arrow":60,"minecraft:stone_shovel":8,"minecraft:beetroot_seeds":180,"minecraft:nether_bricks":104,"minecraft:gold_ingot":10,"minecraft:saddle":5,"tombstone:essence_of_undeath":1,"majruszsdifficulty:cerberus_fang":2,"minecraft:glow_berries":4,"minecraft:mutton":30,"minecraft:white_wool":18,"minecraft:rail":29,"minecraft:oxeye_daisy":1,"minecraft:glow_ink_sac":3,"minecraft:leather":88,"prettypipes:low_extraction_module":6,"alexsmobs:acacia_blossom":2,"majruszsdifficulty:tattered_helmet":1,"minecraft:red_mushroom":1,"minecraft:filled_map":1,"easy_villagers:farmer":9,"minecraft:oak_log":279,"minecraft:chainmail_chestplate":8,"minecraft:lily_pad":1,"minecraft:golden_boots":9,"minecraft:gunpowder":7,"minecraft:paper":14,"minecraft:orange_terracotta":367,"minecraft:cooked_mutton":5,"minecraft:apple":20,"minecraft:stone_bricks":4,"majruszsdifficulty:tattered_leggings":3,"alexsmobs:cockroach_wing_fragment":3,"minecraft:iron_ingot":8,"prettypipes:high_filter_module":1,"minecraft:acacia_sapling":5,"minecraft:soul_sand":41,"minecraft:book":14,"minecraft:smooth_basalt":14,"minecraft:pumpkin":1,"minecraft:quartz":18,"minecraft:dandelion":1,"minecraft:dripstone_block":12,"minecraft:gravel":3,"minecraft:amethyst_shard":12,"minecraft:blast_furnace":2,"minecraft:white_bed":20,"minecraft:nether_brick_slab":19,"minecraft:spider_eye":3,"minecraft:leather_helmet":1,"tombstone:scroll_of_true_sight":1,"travelersbackpack:standard":2,"minecraft:diamond_shovel":7,"minecraft:slime_ball":12,"minecraft:rib_armor_trim_smithing_template":2,"cataclysm:ancient_metal_ingot":27,"minecraft:terracotta":1106,"tombstone:magic_scroll":1,"cataclysm:sandstone_poison_dart_trap":4,"minecraft:black_wool":1,"minecraft:coal":279,"minecraft:hopper":3,"minecraft:sunflower":5},"minecraft:dropped":{"minecraft:golden_pickaxe":8,"travelersbackpack:villager":21,"minecraft:diamond_shovel":7,"minecraft:white_bed":8,"minecraft:chainmail_chestplate":8,"minecraft:gunpowder":1,"minecraft:leather_boots":12,"minecraft:chainmail_boots":12,"minecraft:leather_leggings":9,"minecraft:golden_boots":9,"minecraft:enchanted_book":44,"minecraft:wheat_seeds":1,"majruszsaccessories:discount_voucher":2,"minecraft:diamond_leggings":5,"minecraft:diorite":10,"tombstone:grave_dust":2,"minecraft:iron_axe":10,"minecraft:iron_shovel":8,"minecraft:stone_shovel":8,"minecraft:suspicious_stew":6,"minecraft:cake":6,"minecraft:rabbit_stew":10,"minecraft:wooden_pickaxe":1}},"DataVersion":3465}