{"stats":{"minecraft:killed":{"minecraft:skeleton":4,"minecraft:chicken":4,"minecraft:pig":16,"majruszsdifficulty:cursed_armor":1,"player_companions:pig":1,"minecraft:squid":1,"minecraft:sheep":3,"minecraft:zombie":18,"minecraft:stray":1,"minecraft:cow":13,"minecraft:enderman":1},"minecraft:used":{"minecraft:enchanting_table":2,"minecraft:shield":5,"minecraft:rotten_flesh":6,"minecraft:torch":164,"minecraft:dirt":203,"minecraft:tuff":4,"minecraft:smooth_basalt":1,"minecraft:diamond_chestplate":1,"minecraft:furnace":5,"tombstone:gift":2,"minecraft:cobbled_deepslate":203,"minecraft:calcite":2,"minecraft:diorite":24,"minecraft:stone_pickaxe":115,"minecraft:oak_planks":989,"minecraft:wooden_pickaxe":16,"minecraft:diamond_axe":281,"minecraft:crafting_table":9,"minecraft:white_bed":3,"minecraft:diamond_pickaxe":474,"minecraft:apple":2,"minecraft:diamond_shovel":282,"minecraft:bread":5,"minecraft:iron_pickaxe":172,"minecraft:stone_axe":93,"minecraft:diamond_sword":148,"minecraft:cobblestone":141,"minecraft:cooked_porkchop":14,"minecraft:andesite":9},"minecraft:mined":{"minecraft:tuff":4,"minecraft:white_bed":2,"minecraft:mossy_cobblestone":2,"minecraft:deepslate_diamond_ore":71,"minecraft:obsidian":4,"minecraft:granite":5,"minecraft:grass_block":195,"minecraft:spawner":2,"minecraft:furnace":3,"minecraft:iron_ore":7,"minecraft:cobbled_deepslate":1,"minecraft:andesite":10,"minecraft:deepslate_lapis_ore":11,"minecraft:azure_bluet":2,"minecraft:enchanting_table":2,"minecraft:deepslate_iron_ore":3,"minecraft:rail":1,"minecraft:small_amethyst_bud":1,"minecraft:stone":188,"minecraft:dandelion":12,"minecraft:crafting_table":8,"minecraft:cornflower":1,"minecraft:torch":16,"minecraft:calcite":2,"minecraft:poppy":8,"minecraft:tall_grass":26,"minecraft:cobblestone":7,"minecraft:deepslate_gold_ore":31,"minecraft:sugar_cane":12,"minecraft:oak_planks":19,"minecraft:diorite":27,"minecraft:wall_torch":10,"minecraft:amethyst_block":5,"minecraft:lilac":1,"minecraft:grass":49,"minecraft:oak_log":304,"minecraft:coal_ore":54,"minecraft:gravel":19,"minecraft:dripstone_block":1,"minecraft:dirt":77,"minecraft:smooth_basalt":1,"minecraft:oak_leaves":11,"minecraft:deepslate":322},"minecraft:picked_up":{"minecraft:crafting_table":7,"travelersbackpack:bat":1,"minecraft:azure_bluet":2,"minecraft:chicken":4,"minecraft:chest_minecart":1,"minecraft:amethyst_block":5,"minecraft:cornflower":1,"minecraft:cobbled_deepslate":318,"improvableskills:scroll_normal":2,"minecraft:beef":27,"minecraft:calcite":2,"minecraft:poppy":7,"minecraft:sugar_cane":26,"minecraft:furnace":3,"minecraft:egg":4,"minecraft:stick":65,"minecraft:raw_iron":10,"minecraft:torch":30,"minecraft:porkchop":30,"tombstone:grave_dust":4,"minecraft:diorite":27,"minecraft:redstone":5,"majruszsaccessories:dream_catcher":1,"minecraft:arrow":5,"minecraft:rotten_flesh":14,"minecraft:obsidian":4,"minecraft:mutton":5,"minecraft:rail":7,"minecraft:white_wool":3,"minecraft:cobblestone":193,"minecraft:enchanting_table":2,"minecraft:feather":1,"minecraft:lilac":1,"minecraft:andesite":10,"minecraft:leather":11,"minecraft:flint":2,"minecraft:tuff":4,"minecraft:oak_log":298,"minecraft:lapis_lazuli":73,"minecraft:dirt":255,"minecraft:bone":1,"minecraft:apple":13,"minecraft:bow":1,"minecraft:wheat_seeds":8,"minecraft:raw_gold":30,"minecraft:iron_ingot":4,"minecraft:oak_planks":19,"minecraft:smooth_basalt":1,"minecraft:dandelion":22,"minecraft:gravel":32,"minecraft:ink_sac":2,"minecraft:white_bed":2,"minecraft:bundle":1,"travelersbackpack:standard":1,"minecraft:diamond":71,"bossominium:the_bossdexium":1,"minecraft:granite":5,"minecraft:bread":2,"minecraft:oak_sapling":104,"minecraft:coal":75,"minecraft:melon_seeds":2},"minecraft:custom":{"minecraft:mob_kills":63,"minecraft:interact_with_crafting_table":27,"minecraft:leave_game":5,"minecraft:time_since_death":112288,"minecraft:sprint_one_cm":310051,"minecraft:walk_one_cm":234780,"minecraft:damage_blocked_by_shield":90,"minecraft:drop":41,"minecraft:play_time":112288,"minecraft:sneak_time":25577,"minecraft:walk_under_water_one_cm":10171,"minecraft:jump":2516,"minecraft:walk_on_water_one_cm":12891,"minecraft:enchant_item":8,"minecraft:total_world_time":112288,"minecraft:interact_with_furnace":19,"minecraft:sleep_in_bed":4,"minecraft:time_since_rest":6701,"minecraft:damage_taken":926,"minecraft:damage_absorbed":28,"minecraft:damage_dealt":8351,"minecraft:swim_one_cm":34319,"minecraft:fly_one_cm":424329,"minecraft:open_chest":8,"minecraft:crouch_one_cm":70132,"tombstone:undead_killed":23,"minecraft:fall_one_cm":64693},"minecraft:dropped":{"minecraft:wheat_seeds":8,"minecraft:lilac":1,"minecraft:feather":1,"minecraft:granite":1,"minecraft:rail":7,"bossominium:the_bossdexium":2,"minecraft:dirt":23,"minecraft:diorite":1,"minecraft:torch":2,"minecraft:cornflower":1,"minecraft:iron_pickaxe":1,"minecraft:dandelion":22,"minecraft:redstone":5,"minecraft:gravel":32,"minecraft:stone_axe":1,"minecraft:cobbled_deepslate":81,"minecraft:azure_bluet":2,"minecraft:poppy":7,"minecraft:gunpowder":10,"minecraft:melon_seeds":2,"minecraft:oak_sapling":104,"minecraft:arrow":4,"minecraft:wooden_pickaxe":1,"minecraft:stone_pickaxe":1,"minecraft:egg":4},"minecraft:crafted":{"minecraft:oak_planks":1192,"minecraft:furnace":2,"minecraft:diamond_shovel":1,"minecraft:diamond_helmet":1,"minecraft:diamond_leggings":1,"minecraft:stone_pickaxe":1,"minecraft:diamond_boots":1,"minecraft:diamond_sword":1,"minecraft:cooked_porkchop":14,"minecraft:diamond_axe":1,"minecraft:crafting_table":2,"minecraft:enchanting_table":1,"minecraft:wooden_pickaxe":1,"minecraft:stone_axe":1,"minecraft:air":0,"minecraft:book":1,"minecraft:paper":3,"minecraft:diamond_pickaxe":1,"minecraft:shield":1,"minecraft:stick":28,"minecraft:iron_ingot":3,"minecraft:iron_pickaxe":1,"minecraft:white_bed":1,"minecraft:torch":128,"minecraft:diamond_chestplate":1}},"DataVersion":3465}